{"show_on_front":{"autoload":"yes","option_value":"cG9zdHM="},"page_on_front":{"autoload":"yes","option_value":"MA=="},"page_for_posts":{"autoload":"yes","option_value":"MA=="},"permalink_structure":{"autoload":"yes","option_value":""},"medium_size_w":{"autoload":"yes","option_value":"MzAw"},"medium_size_h":{"autoload":"yes","option_value":"MzAw"},"thumbnail_size_w":{"autoload":"yes","option_value":"MTUw"},"thumbnail_size_h":{"autoload":"yes","option_value":"MTUw"},"large_size_w":{"autoload":"yes","option_value":"MTAyNA=="},"large_size_h":{"autoload":"yes","option_value":"MTAyNA=="}}