{"sidebar-1":{"search-2":{"title":""},"recent-posts-2":{"title":"Recent Posts","number":3,"show_date":true},"media_gallery-2":{"title":"","ids":[163,162],"columns":2,"size":"medium","link_type":"file","orderby_random":false},"recent-comments-2":{"title":"","number":5}},"footer-widget-1":{"custom_html-2":{"title":"","content":"\r\n          <h5 class=\"call-us\">Questions? <strong>Call 0850-380-6444<\/strong><\/h5>\r\n          <p> Format for custom post types that are not book\r\n            or you can use else if to <u>specify a second<\/u> post type the\r\n            same way as above. <\/p>\r\n          <div class=\"language\"> <i class=\"lni lni-world\"><\/i>\r\n            <select>\r\n              <option>English<\/option>\r\n              <option>Spanish<\/option>\r\n            <\/select>\r\n          <\/div>\r\n          <!-- end language --> \r\n"}},"footer-widget-2":{"nav_menu-2":{"title":"DIGIFLEX","nav_menu":32}},"footer-widget-3":{"nav_menu-4":{"title":"SUPPORT","nav_menu":34}},"footer-widget-4":{"nav_menu-3":{"title":"POLICIES","nav_menu":33}}}